,Symbol,Timestamp,TIME,iPaired,Ask_P,Bid_P,Ask_S,Bid_S,iShares,PreviShares
0,ABT,2020-04-01,0 days 15:59:50.220521,926108,76.68,76.62,700,800,-4980,9420
1,AIG,2020-04-01,0 days 15:51:34.057197,673400,21.51,21.5,400,1260,-46592,13074
2,AIG,2020-04-01,0 days 15:51:41.073292,660326,21.54,21.53,2406,1100,13074,-46592
3,AMT,2020-04-01,0 days 15:52:30.190381,306687,206.02,205.86,505,200,4939,-1215
4,AMT,2020-04-01,0 days 15:52:32.195053,304517,206.08,205.88,100,200,-1215,4939
5,ANH,2020-04-01,0 days 16:00:00.255095,120589,1.01,0.96,7100,100,1757,-44605
6,APTV,2020-04-01,0 days 15:59:14.179849,150564,45.83,45.79,910,392,-1008,44133
7,APTV,2020-04-01,0 days 15:59:30.212404,150564,45.84,45.81,100,1004,-1008,44133
8,APTV,2020-04-01,0 days 15:59:32.218750,106431,45.84,45.83,237,500,44133,-1008
9,BAC,2020-04-01,0 days 15:58:47.116994,4692864,19.82,19.81,44451,28060,-3511,200
10,BAM,2020-04-01,0 days 15:55:37.449996,16487,41.81,41.78,400,300,-1058,3646
11,BAM,2020-04-01,0 days 15:55:39.455274,22841,41.8,41.76,700,600,3646,-1058
12,BMY,2020-04-01,0 days 15:56:02.687270,1238985,55.0,54.99,2000,400,52002,-7071
13,BMY,2020-04-01,0 days 15:59:32.181696,1293149,54.83,54.82,1474,280,-309,1636
14,BMY,2020-04-01,0 days 15:59:34.185285,1249858,54.78,54.77,1098,300,44237,-309
15,BMY,2020-04-01,0 days 15:59:41.204482,1293149,54.84,54.83,600,200,-909,43637
16,BRO,2020-04-01,0 days 15:51:33.038230,174122,34.44,34.38,700,729,-317,83
17,BRO,2020-04-01,0 days 15:52:33.182212,174122,34.42,34.39,700,500,-317,83
18,BRO,2020-04-01,0 days 15:52:41.202919,174439,34.4,34.36,400,1100,83,-317
19,BRO,2020-04-01,0 days 15:52:48.219431,174122,34.46,34.45,200,623,-317,83
20,BRO,2020-04-01,0 days 15:53:03.259579,174439,34.4,34.36,300,600,83,-317
21,BRO,2020-04-01,0 days 15:58:34.038553,174122,34.45,34.42,1540,100,-317,83
22,BRO,2020-04-01,0 days 15:59:44.202673,174122,34.45,34.43,157,207,-317,83
23,BXMT,2020-04-01,0 days 15:55:16.592685,141196,17.03,17.0,700,700,-2777,27411
24,BXMT,2020-04-01,0 days 15:57:26.900554,141196,17.04,17.01,801,100,-2777,27411
25,BXMT,2020-04-01,0 days 15:57:35.919938,141196,16.99,16.96,300,1600,-2677,27611
26,BXMT,2020-04-01,0 days 15:57:50.955121,141196,16.92,16.89,200,200,-2677,27811
27,BXMT,2020-04-01,0 days 15:57:52.959640,113385,16.97,16.96,611,800,27811,-2677
28,BXMT,2020-04-01,0 days 15:58:13.006846,113785,17.04,17.02,100,400,27411,-2777
29,BYD,2020-04-01,0 days 15:50:31.892316,85330,12.98,12.97,400,431,17965,-13504
30,BYD,2020-04-01,0 days 15:50:59.959453,103295,12.98,12.97,356,100,-13504,17965
31,BYD,2020-04-01,0 days 15:51:20.007165,103295,13.01,12.99,300,700,-13504,17965
32,CAH,2020-04-01,0 days 15:59:51.217391,350746,47.81,47.76,200,900,-12231,5527
33,CCC,2020-04-01,0 days 15:52:47.202802,16044,20.02,19.96,100,100,-153,429
34,CCC,2020-04-01,0 days 15:54:17.417406,15615,19.98,19.88,553,200,429,-153
35,CCC,2020-04-01,0 days 15:54:38.467701,16044,20.03,19.93,200,649,-153,429
36,CCC,2020-04-01,0 days 15:59:41.182715,16064,19.98,19.95,300,100,-133,329
37,CCI,2020-04-01,0 days 15:54:31.513252,306153,138.01,138.0,100,1307,-378,1853
38,CCI,2020-04-01,0 days 15:56:14.758239,306431,138.06,137.85,100,200,1853,-378
39,CCO,2020-04-01,0 days 15:54:36.524494,33537,0.6,0.59,89052,7500,20535,-31927
40,CCO,2020-04-01,0 days 15:54:39.532341,54072,0.6,0.59,89052,7100,-31927,20535
41,CCO,2020-04-01,0 days 15:54:49.555124,33537,0.6,0.59,89052,2600,20535,-31927
42,CCO,2020-04-01,0 days 15:54:53.564459,54072,0.6,0.59,89052,2200,-31927,20535
43,CCO,2020-04-01,0 days 15:55:16.623686,54072,0.6,0.59,90312,1300,-31927,20535
44,CCO,2020-04-01,0 days 15:55:45.689428,33537,0.6,0.59,24012,3200,20535,-31927
45,CCO,2020-04-01,0 days 15:55:48.696964,54072,0.6,0.59,8212,3400,-31927,20535
46,CCO,2020-04-01,0 days 15:59:58.278260,54322,0.6,0.58,2800,14400,-31677,20535
47,CI,2020-04-01,0 days 16:00:00.225665,262304,173.1,173.01,42600,7813,-429,6818
48,CUK,2020-04-01,0 days 15:50:21.858211,12639,8.22,8.17,200,1000,-969,2125
49,CUK,2020-04-01,0 days 15:50:23.863142,10514,8.22,8.19,400,200,2125,-969
50,CUK,2020-04-01,0 days 15:50:24.865349,12639,8.21,8.17,400,1000,-969,2125
51,CUK,2020-04-01,0 days 15:50:26.872119,10514,8.2,8.19,200,300,2125,-969
52,CUK,2020-04-01,0 days 15:50:27.873380,12639,8.19,8.17,250,1000,-969,2125
53,CUK,2020-04-01,0 days 15:50:28.875970,10514,8.2,8.19,200,400,2125,-969
54,CUK,2020-04-01,0 days 15:51:03.955840,12639,8.12,8.1,100,872,-969,2125
55,CUK,2020-04-01,0 days 15:51:06.962949,10514,8.11,8.1,500,171,2125,-969
56,CUK,2020-04-01,0 days 15:51:07.965419,12639,8.1,8.08,100,5158,-969,2125
57,CUK,2020-04-01,0 days 15:51:30.018459,12639,8.16,8.13,300,400,-969,2125
58,CUK,2020-04-01,0 days 15:51:31.020684,10514,8.16,8.13,600,300,2125,-969
59,CUK,2020-04-01,0 days 15:51:41.044099,12639,8.12,8.1,350,200,-969,2125
60,CUK,2020-04-01,0 days 15:51:45.053538,12639,8.07,8.06,200,805,-969,2125
61,CUK,2020-04-01,0 days 15:51:58.084746,12639,8.11,8.08,200,200,-969,2125
62,CUK,2020-04-01,0 days 15:52:06.104395,12639,8.07,8.06,100,605,-969,2125
63,CUK,2020-04-01,0 days 15:52:17.129853,10514,8.06,8.05,363,250,2125,-969
64,CUK,2020-04-01,0 days 15:52:26.152033,12639,8.04,8.02,200,1215,-969,2125
65,CUK,2020-04-01,0 days 15:52:27.153906,10514,8.04,8.03,100,200,2125,-969
66,CUK,2020-04-01,0 days 15:52:43.193847,10514,8.05,8.03,700,2838,2125,-969
67,CUK,2020-04-01,0 days 15:53:17.274012,12639,8.04,8.02,200,600,-969,2125
68,CUK,2020-04-01,0 days 15:53:18.278109,10514,8.04,8.03,748,200,2125,-969
69,CUK,2020-04-01,0 days 15:53:33.312653,12639,8.09,8.06,347,900,-969,2125
70,CUK,2020-04-01,0 days 15:53:34.315715,10514,8.09,8.08,347,100,2125,-969
71,CUK,2020-04-01,0 days 15:54:12.406106,12639,8.14,8.13,125,100,-969,2125
72,CUK,2020-04-01,0 days 15:54:54.506196,12639,8.12,8.1,416,600,-969,2125
73,CUK,2020-04-01,0 days 15:54:55.508622,10514,8.13,8.1,214,400,2125,-969
74,CUK,2020-04-01,0 days 15:55:00.523273,10514,8.17,8.14,200,147,2125,-969
75,CUK,2020-04-01,0 days 15:55:01.523639,12639,8.15,8.11,400,823,-969,2125
76,CUK,2020-04-01,0 days 15:55:02.527033,10514,8.15,8.13,300,600,2125,-969
77,CUK,2020-04-01,0 days 15:55:24.579791,12639,8.17,8.15,200,3023,-969,2125
78,CUK,2020-04-01,0 days 15:55:25.581629,10514,8.16,8.15,447,2152,2125,-969
79,CUK,2020-04-01,0 days 15:56:11.691825,12639,8.08,8.07,329,530,-969,2125
80,CUK,2020-04-01,0 days 15:56:57.801996,10514,8.14,8.11,800,500,2125,-969
81,CUK,2020-04-01,0 days 15:56:58.804170,12639,8.11,8.06,400,465,-969,2125
82,CUK,2020-04-01,0 days 15:56:59.808043,10514,8.09,8.05,2300,200,2125,-969
83,CUK,2020-04-01,0 days 15:57:16.848334,12639,8.03,8.02,100,100,-969,2125
84,CUK,2020-04-01,0 days 15:58:05.955107,10514,8.14,8.08,400,300,2125,-969
85,CUK,2020-04-01,0 days 15:58:07.959385,12639,8.16,8.12,1500,200,-969,2125
86,CUK,2020-04-01,0 days 15:58:19.989671,12639,8.19,8.15,600,778,-969,2125
87,CUK,2020-04-01,0 days 15:58:29.009384,10514,8.18,8.16,500,700,2125,-969
88,CUK,2020-04-01,0 days 15:58:33.019238,12639,8.16,8.12,500,300,-969,2125
89,CUK,2020-04-01,0 days 15:58:37.028857,10514,8.18,8.14,500,3300,2125,-969
90,CUK,2020-04-01,0 days 15:58:53.067786,12639,8.16,8.14,670,6706,-969,2125
91,CUK,2020-04-01,0 days 15:58:55.072676,10514,8.15,8.14,670,2316,2125,-969
92,CUK,2020-04-01,0 days 15:59:07.100480,10614,8.18,8.17,300,402,2025,-969
93,CUK,2020-04-01,0 days 15:59:29.152458,10614,8.18,8.17,100,677,2025,-969
94,CUK,2020-04-01,0 days 15:59:43.186706,10514,8.19,8.16,100,100,2125,-969
95,CVNA,2020-04-01,0 days 15:50:01.836418,34258,50.32,50.07,1930,310,6513,-1787
96,CVNA,2020-04-01,0 days 15:51:10.999998,40771,50.34,50.26,100,350,-1787,35797
97,CVNA,2020-04-01,0 days 15:51:12.004828,36058,50.11,50.01,200,691,4713,-1787
98,CVNA,2020-04-01,0 days 15:51:30.046389,40771,50.33,50.15,200,321,-1787,4613
99,CVNA,2020-04-01,0 days 15:52:07.133407,4974,50.44,50.33,200,411,35797,-10224
100,CVNA,2020-04-01,0 days 15:52:20.165634,40771,50.43,50.34,200,100,-1787,35797
101,CVNA,2020-04-01,0 days 15:56:02.694076,6174,50.83,50.72,401,332,34597,-10624
102,CVNA,2020-04-01,0 days 15:56:04.700296,40771,50.83,50.73,401,200,-11224,34597
103,CVNA,2020-04-01,0 days 15:56:45.797161,6174,50.86,50.76,1000,100,34597,-11024
104,CVNA,2020-04-01,0 days 15:56:51.811447,40771,50.86,50.77,100,400,-11424,34597
105,CVNA,2020-04-01,0 days 15:58:46.081689,36158,50.27,50.18,1400,400,4613,-1787
106,CVNA,2020-04-01,0 days 15:58:47.084370,40771,50.4,50.25,500,662,-1787,4613
107,CVNA,2020-04-01,0 days 15:58:48.086219,4974,50.4,50.27,1100,200,35797,-1787
108,CVNA,2020-04-01,0 days 15:58:50.091710,40771,50.4,50.29,300,400,-1787,35797
109,CVNA,2020-04-01,0 days 15:58:54.100665,5774,50.73,50.59,240,139,34997,-10524
110,CVNA,2020-04-01,0 days 15:59:00.119514,40771,50.71,50.6,3400,394,-10624,34997
111,CVNA,2020-04-01,0 days 15:59:41.213308,6074,50.73,50.68,989,602,34697,-10824
112,CVNA,2020-04-01,0 days 15:59:42.213371,40771,50.75,50.69,707,336,-10924,34697
113,CVNA,2020-04-01,0 days 15:59:50.234206,6174,50.75,50.71,500,164,34597,-10924
114,DUK,2020-04-01,0 days 16:00:00.246141,459276,77.61,77.57,600,1100,-516,19848
115,DVN,2020-04-01,0 days 15:59:51.047018,1042152,6.8,6.79,745,8379,-57031,30217
116,EQM,2020-04-01,0 days 15:50:03.827046,161312,11.99,11.94,400,300,12413,-7401
117,EQM,2020-04-01,0 days 15:52:01.107124,173725,11.7,11.65,100,551,-7201,12413
118,EQM,2020-04-01,0 days 15:52:35.189002,173725,11.68,11.63,200,400,-7201,12413
119,EQM,2020-04-01,0 days 15:53:24.306117,173725,11.73,11.71,1187,200,-7401,12413
120,EQM,2020-04-01,0 days 15:54:59.532843,173725,11.67,11.65,100,100,-7201,12413
121,EQM,2020-04-01,0 days 15:55:10.560959,161312,11.66,11.64,200,600,12413,-7001
122,EQM,2020-04-01,0 days 15:56:03.688292,161312,11.75,11.72,1400,100,12413,-7401
123,EQM,2020-04-01,0 days 15:56:04.689913,173725,11.74,11.72,200,100,-7201,12413
124,EQM,2020-04-01,0 days 15:58:11.989937,173725,11.68,11.63,770,1600,-7201,12413
125,EQM,2020-04-01,0 days 15:59:26.167017,173725,11.68,11.63,300,300,-7201,12413
126,EQM,2020-04-01,0 days 15:59:31.179466,173725,11.69,11.64,203,900,-7201,12413
127,EQM,2020-04-01,0 days 15:59:33.183564,161312,11.68,11.64,300,400,12413,-7201
128,EQM,2020-04-01,0 days 15:59:37.192603,173725,11.68,11.64,2000,711,-7201,12413
129,ETR,2020-04-01,0 days 15:50:06.850399,115800,85.5,85.33,200,100,-19033,22358
130,ETR,2020-04-01,0 days 15:50:14.866660,93442,85.49,85.33,500,200,22358,-18854
131,ETR,2020-04-01,0 days 15:50:24.891148,115800,85.48,85.36,104,300,-19033,22358
132,ETR,2020-04-01,0 days 15:50:25.893877,93621,85.57,85.46,100,300,22179,-19033
133,ETR,2020-04-01,0 days 15:50:54.963760,115800,85.65,85.6,100,401,-19033,22179
134,ETR,2020-04-01,0 days 15:51:09.999049,93621,85.65,85.64,100,535,22179,-19033
135,ETR,2020-04-01,0 days 15:51:27.039584,115800,85.75,85.71,100,800,-19033,22179
136,ETR,2020-04-01,0 days 15:51:35.059755,93621,85.9,85.87,100,541,22179,-19033
137,ETR,2020-04-01,0 days 15:52:01.121199,115800,86.05,85.94,200,335,-19133,21979
138,ETR,2020-04-01,0 days 15:52:38.211597,93621,85.78,85.69,100,200,22179,-19033
139,ETR,2020-04-01,0 days 15:52:46.230257,115800,85.86,85.82,100,100,-19033,22179
140,ETR,2020-04-01,0 days 15:52:56.253963,93821,86.27,86.18,100,300,21979,-19233
141,ETR,2020-04-01,0 days 15:52:59.261612,115800,86.1,86.07,120,200,-19133,21979
142,ETR,2020-04-01,0 days 15:54:00.406834,115800,86.09,85.91,100,100,-19133,22179
143,ETR,2020-04-01,0 days 15:54:28.473463,93721,86.12,86.07,100,200,22079,-19133
144,ETR,2020-04-01,0 days 15:54:38.497264,115800,86.08,86.01,200,100,-19133,22079
145,ETR,2020-04-01,0 days 15:54:40.503370,93721,86.08,85.99,200,100,22079,-19133
146,ETR,2020-04-01,0 days 15:54:47.518984,115800,86.04,85.92,100,100,-19133,22079
147,ETR,2020-04-01,0 days 15:55:01.552843,93721,86.03,85.98,300,100,22079,-19133
148,ETR,2020-04-01,0 days 15:55:05.565894,115800,86.27,86.08,100,336,-19133,22079
149,ETR,2020-04-01,0 days 15:55:07.569061,93821,86.22,86.18,111,136,21979,-19133
150,ETR,2020-04-01,0 days 15:55:08.570986,115800,86.22,86.19,111,200,-19233,21979
151,ETR,2020-04-01,0 days 15:56:02.701985,115800,86.27,86.12,100,200,-19233,21979
152,ETR,2020-04-01,0 days 15:56:13.727730,93721,86.16,86.04,200,100,22079,-19133
153,ETR,2020-04-01,0 days 15:56:17.737675,115800,86.15,86.0,100,210,-19133,22079
154,ETR,2020-04-01,0 days 15:56:22.749513,93721,86.11,85.98,501,1095,22079,-19133
155,ETR,2020-04-01,0 days 15:56:24.754707,115800,85.89,85.88,201,100,-19033,22079
156,ETR,2020-04-01,0 days 15:56:36.783235,93621,85.82,85.65,201,100,22179,-19033
157,ETR,2020-04-01,0 days 15:56:54.825908,115800,85.88,85.72,100,100,-19033,22179
158,ETR,2020-04-01,0 days 15:56:59.839030,93621,86.23,85.9,222,737,22179,-19033
159,ETR,2020-04-01,0 days 15:57:28.905339,115800,86.11,85.91,1146,2614,-19133,22179
160,ETR,2020-04-01,0 days 15:57:58.973522,93621,85.88,85.81,624,100,22179,-19033
161,ETR,2020-04-01,0 days 15:57:59.975075,115800,85.76,85.73,100,200,-19033,22179
162,ETR,2020-04-01,0 days 15:58:09.999406,93621,85.87,85.73,243,300,22179,-19033
163,ETR,2020-04-01,0 days 15:58:48.088843,93621,85.48,85.43,400,290,22179,-19033
164,ETR,2020-04-01,0 days 15:58:51.099022,115800,85.49,85.35,100,100,-19033,22179
165,ETR,2020-04-01,0 days 15:59:27.181993,93621,86.04,85.92,200,200,22179,-19033
166,ETR,2020-04-01,0 days 15:59:31.192534,115800,86.12,86.02,522,200,-19133,22079
167,ETR,2020-04-01,0 days 15:59:32.194509,93721,86.0,85.99,1126,284,22079,-19133
168,ETR,2020-04-01,0 days 15:59:33.195873,115800,85.85,85.83,100,392,-19033,22079
169,ETR,2020-04-01,0 days 15:59:50.235419,93621,85.86,85.75,648,763,22179,-19033
170,ETR,2020-04-01,0 days 15:59:52.238026,116317,85.82,85.58,300,720,-18516,22179
171,EW,2020-04-01,0 days 15:50:01.824761,115020,171.2,170.95,100,200,1010,-610
172,EW,2020-04-01,0 days 15:51:36.047534,115272,171.18,171.17,100,103,-179,18101
173,EW,2020-04-01,0 days 15:51:39.089966,114588,171.02,170.61,200,200,1442,-179
174,EW,2020-04-01,0 days 15:53:03.260787,95446,170.93,170.66,110,100,20584,-610
175,EW,2020-04-01,0 days 15:54:45.501131,115272,171.56,171.48,100,127,-610,17670
176,EW,2020-04-01,0 days 15:54:50.514124,99757,171.68,171.63,168,127,15515,-610
177,EW,2020-04-01,0 days 15:54:51.515678,115272,171.79,171.69,100,127,-2765,15515
178,EW,2020-04-01,0 days 15:55:03.545091,101912,171.99,171.93,200,628,13360,-2765
179,EW,2020-04-01,0 days 15:55:04.547231,115172,171.99,171.93,100,819,-5020,13360
180,EW,2020-04-01,0 days 15:55:05.555789,101912,172.24,172.03,300,227,13260,-5020
181,EW,2020-04-01,0 days 15:55:11.564445,115172,172.06,171.91,100,462,-5020,10799
182,EW,2020-04-01,0 days 15:55:13.569254,101912,172.17,172.03,100,100,13260,-5020
183,EW,2020-04-01,0 days 15:55:16.580031,115172,172.32,172.21,200,100,-7481,13260
184,EW,2020-04-01,0 days 15:55:38.629308,104373,172.32,172.31,200,100,10799,-7481
185,EW,2020-04-01,0 days 15:55:47.652153,115172,172.44,172.33,100,100,-7481,10799
186,EW,2020-04-01,0 days 15:55:49.656491,104473,172.53,172.44,404,200,10699,-7481
187,EW,2020-04-01,0 days 15:55:50.658383,115172,172.42,172.33,100,694,-7481,10699
188,EW,2020-04-01,0 days 15:55:57.675596,115172,172.31,172.19,100,100,-7481,13260
189,EW,2020-04-01,0 days 15:55:59.681750,104473,172.8,172.52,100,100,10699,-7481
190,EW,2020-04-01,0 days 15:56:06.699103,115172,172.91,172.67,200,300,-7581,10699
191,EW,2020-04-01,0 days 15:56:13.714070,115172,172.8,172.63,300,210,-7581,10699
192,EW,2020-04-01,0 days 15:56:24.741054,104473,172.78,172.65,100,244,10699,-7581
193,EW,2020-04-01,0 days 15:56:27.746872,115172,172.62,172.53,100,115,-7581,10699
194,EW,2020-04-01,0 days 15:56:39.776093,104473,172.67,172.57,125,100,10699,-7581
195,EW,2020-04-01,0 days 15:56:40.778700,115172,172.63,172.49,100,300,-7581,10699
196,EW,2020-04-01,0 days 15:56:57.819435,104373,172.5,172.31,100,100,10799,-7481
197,EW,2020-04-01,0 days 15:56:59.823884,115172,172.5,172.38,100,100,-7581,10799
198,EW,2020-04-01,0 days 15:57:36.914707,102218,172.2,172.14,200,500,12954,-5226
199,EW,2020-04-01,0 days 15:57:37.911605,115172,172.15,172.11,100,600,-5226,12954
200,EW,2020-04-01,0 days 15:57:50.942404,115172,172.24,172.11,300,200,-5326,10799
201,EW,2020-04-01,0 days 15:57:58.960854,102218,172.35,172.25,100,100,12954,-5326
202,EW,2020-04-01,0 days 15:58:00.966577,115172,172.35,172.25,200,400,-7481,10799
203,EW,2020-04-01,0 days 15:58:04.975517,104373,172.35,172.29,500,300,10799,-7481
204,EW,2020-04-01,0 days 15:58:05.979873,115172,172.4,172.33,100,100,-7481,10799
205,EW,2020-04-01,0 days 15:58:34.045401,115172,172.33,172.24,100,203,-7481,12954
206,EW,2020-04-01,0 days 15:58:40.060189,104373,172.41,172.36,140,203,10799,-7481
207,EW,2020-04-01,0 days 15:58:41.069098,115172,172.41,172.31,240,300,-7481,10799
208,EW,2020-04-01,0 days 15:59:16.143071,102218,172.27,172.15,200,1292,12954,-5286
209,EW,2020-04-01,0 days 15:59:20.152860,115212,172.27,172.17,1070,200,-5286,12954
210,EW,2020-04-01,0 days 15:59:30.178069,102218,172.25,172.18,850,780,12954,-5326
211,EW,2020-04-01,0 days 15:59:43.207060,115172,172.59,172.55,100,680,-7581,10699
212,EW,2020-04-01,0 days 15:59:47.215791,104473,172.79,172.75,100,166,10699,-7581
213,EW,2020-04-01,0 days 15:59:49.221888,115172,172.9,172.78,200,200,-7581,10699
214,FG,2020-04-01,0 days 15:59:51.224622,178304,9.61,9.6,3802,13143,1124,-646
215,FIT,2020-04-01,0 days 15:57:30.903637,329337,6.62,6.61,37306,13800,338,-9791
216,FL,2020-04-01,0 days 15:59:52.226759,111369,20.19,20.17,706,2008,-6390,50098
217,FND,2020-04-01,0 days 15:53:56.396490,27436,28.64,28.6,407,1032,-48,18101
218,FND,2020-04-01,0 days 15:54:11.433424,9335,28.61,28.58,575,100,18101,-48
219,FND,2020-04-01,0 days 15:55:14.587305,9335,28.67,28.66,200,900,17801,-348
220,HES,2020-04-01,0 days 15:59:16.142626,405414,32.12,32.08,600,100,-190,2681
221,HES,2020-04-01,0 days 15:59:18.147914,405504,32.07,32.05,345,100,173,-190
222,HES,2020-04-01,0 days 15:59:32.181245,405677,32.08,32.05,383,200,-31,173
223,HES,2020-04-01,0 days 15:59:33.183456,405464,32.02,32.0,200,300,313,-31
224,HES,2020-04-01,0 days 15:59:43.206479,405777,32.05,32.02,1803,1000,-210,34
225,HEXO,2020-04-01,0 days 15:52:32.195053,5,0.69,0.68,74159,4600,5596,-5
226,HEXO,2020-04-01,0 days 15:52:33.197947,100,0.69,0.68,73659,3500,-5,5596
227,HEXO,2020-04-01,0 days 15:52:34.199927,5,0.69,0.68,72159,2000,95,-5
228,HEXO,2020-04-01,0 days 15:54:34.487535,100,0.69,0.68,53359,12300,-5,95
229,HEXO,2020-04-01,0 days 15:57:46.944970,5,0.69,0.68,60659,12300,6971,-5
230,HEXO,2020-04-01,0 days 15:58:13.006805,100,0.69,0.68,72769,11500,-5,6971
231,HEXO,2020-04-01,0 days 15:58:23.030299,5,0.69,0.68,60100,15100,6971,-5
232,HEXO,2020-04-01,0 days 15:58:53.100658,100,0.69,0.68,83759,9900,-5,6971
233,HEXO,2020-04-01,0 days 15:59:01.122448,5,0.68,0.67,13100,38020,6971,-5
234,HOG,2020-04-01,0 days 15:50:05.834376,148152,17.18,17.16,400,1002,-7151,28812
235,HOG,2020-04-01,0 days 15:50:06.837824,118540,17.19,17.18,1214,700,28412,-7151
236,HOG,2020-04-01,0 days 15:50:07.838694,148152,17.19,17.16,1514,2120,-7151,28412
237,HOG,2020-04-01,0 days 15:50:11.845044,118540,17.17,17.16,755,100,28612,-6651
238,HOG,2020-04-01,0 days 15:50:23.873817,148652,17.16,17.14,300,400,-6651,28612
239,HOG,2020-04-01,0 days 15:52:17.148424,147252,17.21,17.19,700,1301,-8051,28412
240,HST,2020-04-01,0 days 16:00:00.255095,969941,10.29,10.28,128676,25071,-7265,25484
241,IRM,2020-04-01,0 days 15:59:16.155953,332420,22.33,22.31,1475,1750,-3194,2810
242,JPM,2020-04-01,0 days 15:59:09.167280,1964540,84.45,84.44,520,100,1510,-1500
243,KMB,2020-04-01,0 days 15:59:51.225810,234983,125.88,125.84,200,100,-351,6502
244,KRC,2020-04-01,0 days 15:58:41.069519,485458,60.42,60.16,662,3038,-986,2
245,KYN,2020-04-01,0 days 15:50:29.902549,375,3.4,3.38,100,300,-4114,234
246,KYN,2020-04-01,0 days 15:54:31.481542,141,3.37,3.35,200,7070,234,-4114
247,LXP,2020-04-01,0 days 15:50:02.815806,253205,9.29,9.28,2658,800,25111,-7067
248,LXP,2020-04-01,0 days 15:50:09.836208,278316,9.31,9.29,700,200,-22603,25111
249,LXP,2020-04-01,0 days 15:50:13.840547,253205,9.31,9.29,800,1700,25111,-22603
250,LXP,2020-04-01,0 days 15:50:23.863142,278316,9.27,9.25,1400,1000,-7867,25111
251,LXP,2020-04-01,0 days 15:51:54.076062,278716,9.24,9.22,1100,1940,-6667,25511
252,MGP,2020-04-01,0 days 15:56:00.669508,28933,22.89,22.88,100,600,-595,5779
253,MGP,2020-04-01,0 days 15:56:10.692040,23154,22.87,22.82,900,100,5779,-595
254,MGP,2020-04-01,0 days 15:56:11.694662,28933,22.87,22.82,1100,400,-395,5779
255,MGP,2020-04-01,0 days 15:56:16.706528,23154,22.81,22.8,600,100,5779,-395
256,MGP,2020-04-01,0 days 15:56:52.793281,28933,22.86,22.8,200,700,-595,5779
257,MGP,2020-04-01,0 days 15:57:15.847984,28933,22.76,22.75,300,344,-95,5779
258,MGP,2020-04-01,0 days 15:57:41.908698,28933,22.8,22.74,200,300,-95,5779
259,MGP,2020-04-01,0 days 15:57:48.925338,23154,22.78,22.75,165,100,5779,-95
260,MGP,2020-04-01,0 days 15:58:27.019673,28933,22.81,22.79,756,536,-195,5779
261,MGP,2020-04-01,0 days 15:58:52.075454,28933,22.92,22.91,4000,400,-595,5779
262,MGP,2020-04-01,0 days 15:59:07.111901,23154,22.88,22.85,619,400,5779,-595
263,MGP,2020-04-01,0 days 15:59:23.148414,23154,22.86,22.84,200,800,5779,-395
264,MGP,2020-04-01,0 days 15:59:31.169439,23154,22.79,22.77,600,100,5779,-295
265,MGP,2020-04-01,0 days 15:59:53.219868,28933,22.81,22.76,635,300,-195,5779
266,MO,2020-04-01,0 days 15:59:45.033601,3051398,37.73,37.72,300,1645,-1347,253
267,NGL,2020-04-01,0 days 15:59:42.212189,214884,2.07,2.04,4557,6500,50018,-151231
268,NI,2020-04-01,0 days 16:00:00.254824,340593,23.08,23.07,104574,10800,-4033,2001
269,NLSN,2020-04-01,0 days 15:50:29.887646,323363,11.84,11.83,2723,1937,3228,-2221
270,NLSN,2020-04-01,0 days 15:51:44.064169,318991,11.86,11.85,700,3394,-10725,3328
271,NLSN,2020-04-01,0 days 15:54:05.403235,323863,11.83,11.82,2674,9345,2728,-2221
272,NLSN,2020-04-01,0 days 15:54:42.492146,318991,11.86,11.85,1600,1948,-10725,2728
273,NOV,2020-04-01,0 days 15:59:51.046953,487927,9.35,9.34,1173,4745,-19777,606
274,OKE,2020-04-01,0 days 15:50:10.857817,437850,19.34,19.32,100,900,-152051,74290
275,OKE,2020-04-01,0 days 15:50:11.860257,358560,19.37,19.36,2900,800,74090,-152051
276,OKE,2020-04-01,0 days 15:50:17.873421,358560,19.35,19.34,304,100,74590,-152051
277,PAGS,2020-04-01,0 days 15:53:07.280197,39564,18.46,18.44,645,600,-305,195
278,PAGS,2020-04-01,0 days 15:54:19.453004,39564,18.48,18.46,300,1666,-305,195
279,PEG,2020-04-01,0 days 16:00:00.236263,410966,42.84,42.83,35400,3300,-13728,3722
280,PM,2020-04-01,0 days 15:59:46.033032,1005533,71.18,71.17,100,100,3494,-2156
281,PRU,2020-04-01,0 days 15:50:00.835998,236655,47.3,47.28,200,100,51442,-93174
282,PRU,2020-04-01,0 days 15:50:07.850882,288097,47.25,47.24,200,100,-92756,51442
283,PRU,2020-04-01,0 days 15:50:14.866632,288097,47.3,47.25,500,300,-93174,51442
284,PRU,2020-04-01,0 days 15:50:16.870887,236655,47.3,47.26,500,400,51442,-93174
285,PRU,2020-04-01,0 days 15:50:17.873568,288097,47.3,47.27,300,300,-93174,51442
286,PRU,2020-04-01,0 days 15:50:28.901778,236655,47.15,47.13,100,400,51442,-92756
287,PRU,2020-04-01,0 days 15:50:30.905114,288097,47.13,47.12,500,100,-92756,51442
288,PRU,2020-04-01,0 days 15:50:40.929190,236655,47.08,47.03,100,100,51542,-92656
289,PRU,2020-04-01,0 days 15:51:02.982246,236655,47.13,47.1,410,300,51442,-92756
290,PRU,2020-04-01,0 days 15:51:03.985064,288097,47.18,47.16,200,400,-92756,51442
291,PRU,2020-04-01,0 days 15:51:17.015990,288097,47.12,47.1,200,319,-92756,51442
292,PRU,2020-04-01,0 days 15:51:23.031528,236655,47.1,47.08,100,319,51442,-92656
293,PRU,2020-04-01,0 days 15:51:35.059726,288097,47.24,47.21,400,200,-92856,51442
294,PRU,2020-04-01,0 days 15:51:36.060950,236655,47.18,47.17,400,200,51442,-92856
295,PRU,2020-04-01,0 days 15:51:39.068104,288097,47.24,47.19,500,300,-92756,51442
296,PRU,2020-04-01,0 days 15:51:43.077560,236655,47.19,47.17,200,100,51442,-92756
297,PRU,2020-04-01,0 days 15:51:44.081619,288097,47.17,47.11,300,300,-92756,51442
298,PRU,2020-04-01,0 days 15:51:49.094318,236655,47.16,47.13,100,100,51442,-92756
299,PRU,2020-04-01,0 days 15:52:01.121170,236655,47.04,47.01,200,100,51542,-92756
300,PRU,2020-04-01,0 days 15:52:02.123403,288197,47.07,47.02,200,150,-92656,51542
301,PRU,2020-04-01,0 days 15:52:45.228118,236655,47.06,47.05,200,1100,51542,-92656
302,PRU,2020-04-01,0 days 15:52:56.253895,288097,47.12,47.09,100,100,-92756,51442
303,PRU,2020-04-01,0 days 15:53:15.298956,288097,47.14,47.09,400,400,-92756,51442
304,PRU,2020-04-01,0 days 15:53:32.339837,236655,47.04,47.02,300,100,51542,-92656
305,PRU,2020-04-01,0 days 15:53:33.342209,288197,47.05,47.02,200,200,-92656,51542
306,PRU,2020-04-01,0 days 15:53:49.380141,236655,47.04,47.01,900,200,51542,-92556
307,PRU,2020-04-01,0 days 15:53:53.390687,288197,47.11,47.05,100,300,-92656,51442
308,PRU,2020-04-01,0 days 15:53:55.394930,236655,47.05,47.02,300,120,51542,-92656
309,PRU,2020-04-01,0 days 15:54:35.490349,288097,47.11,47.07,100,963,-92756,51442
310,PRU,2020-04-01,0 days 15:54:54.535331,236655,47.06,47.04,300,100,51542,-92656
311,PRU,2020-04-01,0 days 15:55:11.578954,289697,47.05,47.01,700,700,-91156,52842
312,PRU,2020-04-01,0 days 15:55:21.603748,236655,47.01,47.0,510,1119,53042,-91156
313,PRU,2020-04-01,0 days 15:55:23.607657,291305,46.93,46.92,310,400,-89448,53042
314,PRU,2020-04-01,0 days 15:55:41.651069,290797,47.03,46.99,200,600,-90056,54142
315,PRU,2020-04-01,0 days 15:55:43.655526,236655,46.98,46.95,100,100,55750,-90056
316,PRU,2020-04-01,0 days 15:55:47.666430,290797,47.06,47.01,500,3000,-90056,55750
317,PRU,2020-04-01,0 days 15:55:51.674768,236655,47.06,47.02,200,300,54142,-89956
318,PRU,2020-04-01,0 days 15:55:55.684130,290797,47.07,47.04,486,500,-90056,54142
319,PRU,2020-04-01,0 days 15:55:59.693764,236655,47.13,47.07,300,300,54142,-90056
320,PRU,2020-04-01,0 days 15:56:03.704922,292197,47.08,47.01,1064,400,-88656,55442
321,PRU,2020-04-01,0 days 15:56:07.713510,236655,47.04,47.01,1164,703,55542,-88656
322,PRU,2020-04-01,0 days 15:56:08.715547,292197,47.04,47.01,1264,703,-88656,55542
323,PRU,2020-04-01,0 days 15:56:09.718463,236655,47.02,47.01,2500,569,55542,-88656
324,PRU,2020-04-01,0 days 15:56:15.732092,293805,46.99,46.96,348,400,-86948,55542
325,PRU,2020-04-01,0 days 15:56:29.766169,294005,46.93,46.91,271,800,-86748,57450
326,PRU,2020-04-01,0 days 15:56:50.816529,294405,46.88,46.85,816,900,-86348,57950
327,PRU,2020-04-01,0 days 15:56:55.829214,294105,46.93,46.89,500,300,-86648,57650
328,PRU,2020-04-01,0 days 15:56:58.835282,236655,46.86,46.85,200,100,57950,-86648
329,PRU,2020-04-01,0 days 15:56:59.839001,294805,46.84,46.8,200,100,-85948,57950
330,PRU,2020-04-01,0 days 15:57:04.847802,236655,46.8,46.79,100,1340,59250,-85248
331,PRU,2020-04-01,0 days 15:57:07.854920,296705,46.75,46.73,400,200,-84048,59550
332,PRU,2020-04-01,0 days 15:57:22.891210,297605,46.69,46.65,200,100,-83148,60650
333,PRU,2020-04-01,0 days 15:57:49.953179,306805,46.71,46.69,500,200,-73948,70150
334,PRU,2020-04-01,0 days 15:57:56.968143,236655,46.75,46.73,900,100,69850,-74548
335,PRU,2020-04-01,0 days 15:58:01.981001,306805,46.69,46.66,200,100,-73948,69850
336,PRU,2020-04-01,0 days 15:58:04.987529,236655,46.66,46.65,2800,500,71250,-72848
337,PRU,2020-04-01,0 days 15:58:05.989655,307105,46.69,46.66,100,744,-73648,71250
338,PRU,2020-04-01,0 days 15:58:07.995008,236655,46.69,46.66,100,1477,70750,-73648
339,PRU,2020-04-01,0 days 15:58:16.013907,306205,46.74,46.7,200,300,-74548,66450
340,PRU,2020-04-01,0 days 15:58:39.069071,306205,46.76,46.72,378,100,-74548,70150
341,PRU,2020-04-01,0 days 15:58:56.108380,306805,46.72,46.69,300,100,-73948,70450
342,PRU,2020-04-01,0 days 15:58:59.115231,236655,46.74,46.72,100,500,69850,-73948
343,PRU,2020-04-01,0 days 15:59:00.123016,306805,46.72,46.67,757,1431,-73948,69850
344,PRU,2020-04-01,0 days 15:59:10.141712,236655,46.79,46.74,501,862,70450,-73348
345,PRU,2020-04-01,0 days 15:59:11.144799,306805,46.78,46.74,284,600,-73948,70450
346,PRU,2020-04-01,0 days 15:59:17.158310,306605,46.8,46.77,465,419,-74148,70150
347,PRU,2020-04-01,0 days 15:59:24.174775,236655,46.82,46.81,200,400,69250,-74848
348,PRU,2020-04-01,0 days 15:59:31.192411,305105,46.91,46.86,508,1118,-75648,68750
349,PRU,2020-04-01,0 days 15:59:32.194449,236655,46.89,46.86,600,873,68550,-75648
350,PRU,2020-04-01,0 days 15:59:33.195783,302705,46.92,46.91,100,548,-78048,68550
351,PRU,2020-04-01,0 days 15:59:40.213444,236655,46.95,46.93,200,636,66250,-78048
352,PRU,2020-04-01,0 days 15:59:42.214904,302705,46.98,46.94,400,1100,-78048,64150
353,PRU,2020-04-01,0 days 15:59:43.217544,236655,46.96,46.94,200,509,66050,-78048
354,PRU,2020-04-01,0 days 15:59:45.223014,300705,47.0,46.96,200,800,-80048,66050
355,PRU,2020-04-01,0 days 15:59:48.228098,236655,47.0,46.97,200,307,64150,-80048
356,PSX,2020-04-01,0 days 15:50:01.822220,318854,49.78,49.62,324,400,-3918,49302
357,PSX,2020-04-01,0 days 15:50:37.907458,322506,49.54,49.4,4433,300,38448,-2852
358,PSX,2020-04-01,0 days 15:55:26.598765,322606,49.51,49.49,301,200,38348,-2852
359,PSX,2020-04-01,0 days 15:55:31.611549,318854,49.6,49.53,200,400,-2852,38348
360,PSX,2020-04-01,0 days 15:55:38.627613,322606,49.56,49.47,500,200,38348,-2752
361,PSX,2020-04-01,0 days 15:55:52.661734,319054,49.56,49.5,300,300,-2652,38348
362,PSX,2020-04-01,0 days 15:55:57.674239,318854,49.6,49.55,400,300,-3818,38348
363,PSX,2020-04-01,0 days 15:56:10.704573,322506,49.36,49.29,300,300,48462,-3818
364,PSX,2020-04-01,0 days 15:58:09.985800,319054,49.54,49.51,100,400,-2652,38348
365,PSX,2020-04-01,0 days 15:58:11.989881,322606,49.48,49.43,500,400,38348,-2652
366,PSX,2020-04-01,0 days 15:59:51.225264,322706,49.54,49.5,200,1200,38248,-2652
367,PSX,2020-04-01,0 days 15:59:55.234896,318954,49.55,49.47,1647,100,-2752,38248
368,PSX,2020-04-01,0 days 15:59:59.243925,322706,49.53,49.48,1376,3410,38248,-2652
369,RDS.B,2020-04-01,0 days 15:51:48.073965,20519,33.13,33.12,500,901,-989,1747
370,RDS.B,2020-04-01,0 days 15:57:44.923700,18772,33.12,33.11,2000,1600,1747,-889
371,RDS.B,2020-04-01,0 days 15:57:58.956208,20619,33.14,33.13,100,2355,-889,1747
372,RDS.B,2020-04-01,0 days 15:57:59.957137,18772,33.12,33.11,800,1386,1747,-889
373,SAVE,2020-04-01,0 days 15:50:08.856883,101488,11.38,11.37,100,100,-21747,20114
374,SHLX,2020-04-01,0 days 15:50:22.689960,225639,9.61,9.58,400,100,12746,-7686
375,SHLX,2020-04-01,0 days 15:51:38.874048,225639,9.56,9.54,489,1100,14696,-2756
376,SHLX,2020-04-01,0 days 15:51:50.902122,240335,9.56,9.54,589,1100,-2756,14696
377,SHLX,2020-04-01,0 days 15:54:52.336621,237605,9.63,9.59,455,100,-7686,11575
378,SHLX,2020-04-01,0 days 15:56:38.593172,238385,9.61,9.58,300,100,-6906,11966
379,SHLX,2020-04-01,0 days 15:56:47.615152,225639,9.61,9.58,931,200,12746,-5406
380,SHLX,2020-04-01,0 days 15:56:52.627330,236824,9.63,9.59,200,600,-8467,11185
381,SHLX,2020-04-01,0 days 15:58:13.815887,225639,9.57,9.55,500,5126,14696,-5406
382,SHLX,2020-04-01,0 days 15:58:27.848720,238385,9.61,9.56,960,400,-5406,14696
383,SHLX,2020-04-01,0 days 15:59:36.007697,225639,9.63,9.61,500,100,11575,-6906
384,SHLX,2020-04-01,0 days 15:59:37.009433,237605,9.62,9.58,100,500,-7686,11575
385,SHLX,2020-04-01,0 days 15:59:42.021307,225639,9.64,9.6,680,390,11966,-6906
386,SNAP,2020-04-01,0 days 15:59:49.217343,302979,11.22,11.21,25914,3536,2900,-6796
387,SUM,2020-04-01,0 days 15:50:49.948931,105738,14.17,14.15,3712,551,5517,-737
388,SUM,2020-04-01,0 days 15:50:50.953234,111745,14.17,14.15,1604,551,-737,5517
389,SUM,2020-04-01,0 days 15:51:11.000126,105738,14.13,14.12,1664,400,5517,-498
390,SUM,2020-04-01,0 days 15:51:19.019416,111745,14.15,14.13,400,600,-737,5517
391,SUM,2020-04-01,0 days 15:51:51.096285,111745,14.22,14.19,100,500,-737,5517
392,SUM,2020-04-01,0 days 15:52:08.136141,105738,14.21,14.19,640,600,5517,-737
393,SUM,2020-04-01,0 days 15:52:39.213356,105738,14.15,14.14,100,300,5517,-737
394,SUM,2020-04-01,0 days 15:52:41.216647,111745,14.15,14.14,400,100,-737,5517
395,SUM,2020-04-01,0 days 15:52:57.255728,111745,14.16,14.14,121,532,-737,5517
396,SUM,2020-04-01,0 days 15:52:58.257213,105738,14.16,14.15,100,300,5517,-737
397,SUM,2020-04-01,0 days 15:53:04.272037,111745,14.16,14.13,200,300,-737,5517
398,SUM,2020-04-01,0 days 15:53:37.352017,111645,14.27,14.24,400,500,-1037,5517
399,SUM,2020-04-01,0 days 15:53:39.355599,105738,14.25,14.23,500,500,5417,-1037
400,SUM,2020-04-01,0 days 15:53:40.358738,111745,14.25,14.22,200,622,-937,5417
401,SUM,2020-04-01,0 days 15:54:13.436388,105738,14.3,14.29,1400,1202,5417,-1037
402,SUM,2020-04-01,0 days 15:54:48.521774,111645,14.31,14.28,401,1514,-1037,5417
403,SUM,2020-04-01,0 days 15:55:10.574835,111645,14.28,14.27,300,1062,-1037,5417
404,SUM,2020-04-01,0 days 15:55:15.587799,105738,14.16,14.15,605,100,5517,-737
405,SUM,2020-04-01,0 days 15:55:23.606450,105738,14.23,14.22,1410,600,5517,-937
406,SUM,2020-04-01,0 days 15:55:28.620335,111645,14.28,14.25,1357,491,-1037,5417
407,SUM,2020-04-01,0 days 15:55:46.663266,105738,14.3,14.28,100,505,5417,-1037
408,SUM,2020-04-01,0 days 15:55:51.673548,111645,14.3,14.28,100,600,-1037,5417
409,SUM,2020-04-01,0 days 15:57:13.867976,111645,14.26,14.23,400,400,-1037,5417
410,SUM,2020-04-01,0 days 15:57:48.949159,111745,14.23,14.2,420,1100,-937,5417
411,T,2020-04-01,0 days 15:59:51.217235,6129354,28.07,28.06,2300,10237,-64865,11207
412,TAL,2020-04-01,0 days 15:50:26.881493,96117,51.54,51.51,100,400,-9999,29401
413,TAL,2020-04-01,0 days 15:58:08.983855,106116,51.51,51.5,500,100,29401,-9999
414,TAL,2020-04-01,0 days 15:58:18.005026,96117,51.52,51.51,100,300,-9999,29401
415,THC,2020-04-01,0 days 15:50:20.855312,121570,13.05,13.03,200,726,-13775,16578
416,THC,2020-04-01,0 days 15:50:48.921631,121570,13.04,13.02,600,625,-13775,16878
417,THC,2020-04-01,0 days 15:51:28.015849,121870,13.02,13.0,100,900,-9075,17178
418,THC,2020-04-01,0 days 15:51:36.034676,103092,13.01,13.0,800,100,17578,-9075
419,THC,2020-04-01,0 days 15:52:25.152884,103092,13.02,13.01,1997,3716,17178,-9075
420,THC,2020-04-01,0 days 15:54:02.384980,103092,13.01,13.0,1381,100,17578,-8675
421,THC,2020-04-01,0 days 15:54:10.404359,122570,12.99,12.97,100,1261,-8175,17578
422,THC,2020-04-01,0 days 15:55:10.549215,122270,13.01,12.96,700,2305,-8675,18078
423,THC,2020-04-01,0 days 15:55:18.568291,103192,13.01,13.0,900,2204,17478,-8675
424,THC,2020-04-01,0 days 15:57:00.811894,123170,12.94,12.92,803,200,-3175,17778
425,THC,2020-04-01,0 days 15:57:01.814093,103092,12.95,12.93,200,566,18478,-3175
426,TJX,2020-04-01,0 days 15:52:55.221581,637752,44.54,44.53,1200,1500,-511,1736
427,TRP,2020-04-01,0 days 16:00:00.246016,150215,40.81,40.79,4973,3600,2197,-803
428,TT,2020-04-01,0 days 16:00:00.281580,195066,81.07,80.89,58649,800,-6459,2269
429,UNM,2020-04-01,0 days 15:50:09.851973,187180,13.18,13.17,1262,100,30632,-2292
430,VLO,2020-04-01,0 days 15:50:02.839859,294575,41.13,41.04,100,131,-31677,44497
431,VLO,2020-04-01,0 days 15:50:05.846137,258678,41.18,41.07,200,300,35897,-25463
432,VLO,2020-04-01,0 days 15:50:07.849849,294575,41.18,41.07,200,200,-31677,35897
433,VLO,2020-04-01,0 days 15:50:14.865825,258678,41.15,41.11,200,300,35897,-31677
434,VLO,2020-04-01,0 days 15:50:15.869209,294575,41.11,41.04,200,225,-31677,35897
435,VLO,2020-04-01,0 days 15:50:31.906159,258678,40.96,40.93,100,600,44497,-21577
436,VLO,2020-04-01,0 days 15:50:42.932396,258678,40.99,40.94,300,300,44497,-21577
437,VLO,2020-04-01,0 days 15:50:44.938060,303175,41.0,40.95,200,300,-22977,44497
438,VLO,2020-04-01,0 days 15:50:57.969775,258678,40.93,40.9,200,400,44497,-21577
439,VLO,2020-04-01,0 days 15:51:34.057700,303175,40.85,40.84,100,300,-21577,44497
440,VLO,2020-04-01,0 days 15:51:35.057322,258678,40.93,40.87,498,600,44497,-21577
441,VLO,2020-04-01,0 days 15:51:36.060771,303175,40.85,40.8,224,400,-21577,44497
442,VLO,2020-04-01,0 days 15:51:59.114876,258678,40.91,40.88,100,300,44497,-21577
443,VLO,2020-04-01,0 days 15:52:00.119521,303175,40.89,40.83,669,600,-21577,44497
444,VLO,2020-04-01,0 days 15:52:15.152652,258678,40.8,40.75,400,100,44507,-20267
445,VLO,2020-04-01,0 days 15:52:16.155996,303175,40.85,40.82,100,400,-21577,44507
446,VLO,2020-04-01,0 days 15:52:18.163464,258678,40.81,40.8,368,3444,44497,-21577
447,VLO,2020-04-01,0 days 15:52:21.167425,303175,40.85,40.82,200,200,-21577,44497
448,VLO,2020-04-01,0 days 15:52:34.199846,303175,40.84,40.8,900,3345,-21577,44497
449,VLO,2020-04-01,0 days 15:52:35.203978,258678,40.83,40.8,100,3047,44497,-21577
450,VLO,2020-04-01,0 days 15:52:45.226690,303175,40.87,40.84,210,500,-21577,44497
451,VLO,2020-04-01,0 days 15:52:46.230506,258678,40.96,40.89,200,100,44497,-21577
452,VLO,2020-04-01,0 days 15:53:16.301183,303175,41.01,40.94,200,300,-21677,44497
453,VLO,2020-04-01,0 days 15:54:00.406764,303175,40.85,40.84,100,200,-21577,44497
454,VLO,2020-04-01,0 days 15:54:20.454921,303175,40.82,40.79,833,600,-21577,44507
455,VLO,2020-04-01,0 days 15:54:22.458643,258678,40.84,40.81,200,200,44497,-21577
456,VLO,2020-04-01,0 days 15:54:23.460936,303175,40.8,40.79,100,200,-21577,44497
457,VLO,2020-04-01,0 days 15:54:45.513983,303175,40.85,40.81,300,600,-21577,44497
458,VLO,2020-04-01,0 days 15:55:04.554128,294575,41.08,41.03,100,908,-31577,42011
459,VLO,2020-04-01,0 days 15:55:22.598032,258678,40.93,40.89,400,300,44497,-21577
460,VLO,2020-04-01,0 days 15:55:29.614657,303175,40.95,40.93,100,400,-21677,44497
461,VLO,2020-04-01,0 days 15:55:33.624704,300689,41.03,41.0,200,600,-25463,42011
462,VLO,2020-04-01,0 days 15:55:43.648107,258678,40.99,40.98,300,400,44497,-25463
463,VLO,2020-04-01,0 days 15:56:00.690470,300689,41.05,41.01,300,100,-25463,35897
464,VLO,2020-04-01,0 days 15:56:32.765480,303175,40.9,40.87,100,339,-21577,44497
465,VLO,2020-04-01,0 days 15:56:34.769901,258678,40.89,40.87,100,100,44497,-21577
466,VLO,2020-04-01,0 days 15:56:40.785106,258678,40.88,40.86,300,209,44497,-21577
467,VLO,2020-04-01,0 days 15:57:28.899212,258678,40.83,40.82,400,100,44497,-21577
468,VLO,2020-04-01,0 days 15:57:55.960905,303175,40.83,40.81,500,215,-21577,44497
469,VLO,2020-04-01,0 days 15:58:16.008597,303175,40.9,40.87,1300,300,-21577,44497
470,VLO,2020-04-01,0 days 15:58:20.019659,303175,40.89,40.88,400,100,-21577,44497
471,VLO,2020-04-01,0 days 15:58:34.051854,258678,40.84,40.82,534,238,44497,-21577
472,VLO,2020-04-01,0 days 15:59:17.155983,303175,40.84,40.82,1996,402,-21577,44497
473,VLO,2020-04-01,0 days 15:59:18.158879,258678,40.83,40.81,170,833,44497,-21577
474,VLO,2020-04-01,0 days 15:59:28.181755,303175,40.87,40.84,1176,7911,-21577,44497
475,WRI,2020-04-01,0 days 15:59:51.216092,142427,13.54,13.53,200,675,-2078,9705
